"id","name","name_pt","alpha_2_code","alpha_3_code","created_at","updated_at","deleted_at"
"37dcc9f7-fa34-48fa-82a1-d7ec6bf47fcf","Afghanistan","Afeganistão","AF","AFG","2022-05-12 15:28:13.658278",NULL,NULL
"c9acbb46-121f-415a-bc09-9cc55dcbc19d","Albania","Albânia","AL","ALB","2022-05-12 15:28:13.658278",NULL,NULL
"58dc2706-fb8b-47f6-a93a-3ff04dbe0771","Algeria","Argélia","DZ","DZA","2022-05-12 15:28:13.658278",NULL,NULL
"88d9512f-8b81-4c13-9480-300af4ef472a","American Samoa","Samoa Americana","AS","ASM","2022-05-12 15:28:13.658278",NULL,NULL
"8e2b02d5-5de4-42b6-84ef-41fd035ca17b","Andorra","Andorra","AD","AND","2022-05-12 15:28:13.658278",NULL,NULL
"614df95a-3408-4435-bdc9-803d2b30dfda","Angola","Angola","AO","AGO","2022-05-12 15:28:13.658278",NULL,NULL
"0ed8c948-d893-424c-9486-287f96523e2b","Anguilla","Anguila","AI","AIA","2022-05-12 15:28:13.658278",NULL,NULL
"4e6c56ef-73d0-475f-a45a-ec1bcb792cd2","Antarctica","Antártica","AQ","ATA","2022-05-12 15:28:13.658278",NULL,NULL
"fbc5f3e8-b8a8-4ffa-a66d-4a28c88158aa","Antigua and Barbuda","Antígua e Barbuda","AG","ATG","2022-05-12 15:28:13.658278",NULL,NULL
"d5d6649e-b3fe-419a-a10b-ca89a7761f73","Argentina","Argentina","AR","ARG","2022-05-12 15:28:13.658278",NULL,NULL
"d1e99665-9723-4145-a1d4-fc8d84797711","Armenia","Armênia","AM","ARM","2022-05-12 15:28:13.658278",NULL,NULL
"3af2e4dd-9fb2-4ad8-bab8-3883836c0995","Aruba","Aruba","AW","ABW","2022-05-12 15:28:13.658278",NULL,NULL
"dda3bbca-0efa-4be8-b0b8-d793d0ed7dc1","Australia","Austrália","AU","AUS","2022-05-12 15:28:13.658278",NULL,NULL
"f0843ae7-c135-4d18-8764-3c3ce6b92fd1","Austria","Áustria","AT","AUT","2022-05-12 15:28:13.658278",NULL,NULL
"5a829a80-81c5-4dca-9195-17ea41c42dec","Azerbaijan","Azerbaijão","AZ","AZE","2022-05-12 15:28:13.658278",NULL,NULL
"dee4337b-3574-452b-9872-e4a7f427bb14","Bahamas","Bahamas","BS","BHS","2022-05-12 15:28:13.658278",NULL,NULL
"1de6007b-a3f7-4818-8935-d5010da30e9d","Bahrain","Bahrein","BH","BHR","2022-05-12 15:28:13.658278",NULL,NULL
"8198bf98-bbd0-49ba-a7e7-8bb2cda84b56","Bangladesh","Bangladesh","BD","BGD","2022-05-12 15:28:13.658278",NULL,NULL
"7dfcb15f-8279-41e4-b9a2-209226f52574","Barbados","Barrados","BB","BRB","2022-05-12 15:28:13.658278",NULL,NULL
"cf65bfba-0531-4077-94e0-dfaa1c58ef94","Belarus","Bielorrússia","BY","BLR","2022-05-12 15:28:13.658278",NULL,NULL
"dddcd7b5-314d-4800-907d-2cd1b3440a50","Belgium","Bélgica","BE","BEL","2022-05-12 15:28:13.658278",NULL,NULL
"5aa2cbe9-73ff-44cf-9fd9-017713483977","Belize","Belize","BZ","BLZ","2022-05-12 15:28:13.658278",NULL,NULL
"e27a6de5-82ea-4341-81fe-dda4583ef6ee","Benin","Benin","BJ","BEN","2022-05-12 15:28:13.658278",NULL,NULL
"bae33e5a-cae6-4e7b-b845-1a4eccccdf82","Bermuda","Bermudas","BM","BMU","2022-05-12 15:28:13.658278",NULL,NULL
"85ee4ffa-0afc-4c8c-8dcb-7c9e793e03c3","Bhutan","Butão","BT","BTN","2022-05-12 15:28:13.658278",NULL,NULL
"7d259c8d-c63b-4fcf-8a5f-ba1d4bee88dc","Bolivia (Plurinational State of);","Bolívia (Estado Plurinacional de);","BO","BOL","2022-05-12 15:28:13.658278",NULL,NULL
"9b19d2ed-715d-4f5f-b6c4-65aa8c225bab","Bonaire, Sint Eustatius and Saba","Bonaire, Santo Eustáquio e Saba","BQ","BES","2022-05-12 15:28:13.658278",NULL,NULL
"79f0200c-1d01-43cf-b9ad-69bfa640886b","Bosnia and Herzegovina","Bósnia e Herzegovina","BA","BIH","2022-05-12 15:28:13.658278",NULL,NULL
"a3718f18-ab6d-4cc6-8bf0-1c9598565225","Botswana","Botsuana","BW","BWA","2022-05-12 15:28:13.658278",NULL,NULL
"60be5099-1214-408f-b64f-df054d773899","Bouvet Island","Ilha Bouvet","BV","BVT","2022-05-12 15:28:13.658278",NULL,NULL
"d1934210-1f14-4c1d-ac19-4bef3e710a8c","Brazil","Brasil","BR","BRA","2022-05-12 15:28:13.658278",NULL,NULL
"771b2c8e-eb50-48a9-aa01-f2fcdffad806","British Indian Ocean Territory","Território Britânico do Oceano Índico","IO","IOT","2022-05-12 15:28:13.658278",NULL,NULL
"efafc9dd-a452-492b-9ef7-8b5489e786fb","Brunei Darussalam","Brunei Darussalam","BN","BRN","2022-05-12 15:28:13.658278",NULL,NULL
"90bf6499-41ee-4788-9a23-bee754ea4f0e","Bulgaria","Bulgária","BG","BGR","2022-05-12 15:28:13.658278",NULL,NULL
"84ba39e3-53c4-4179-a111-0b4cfc7bc522","Burkina Faso","Burkina Faso","BF","BFA","2022-05-12 15:28:13.658278",NULL,NULL
"76958ee1-77f2-4369-841b-ec7da1a449a8","Burundi","Burundi","BI","BDI","2022-05-12 15:28:13.658278",NULL,NULL
"a1915d22-701f-48e9-a4c4-c037550b5f0d","Cabo Verde","Cabo Verde","CV","CPV","2022-05-12 15:28:13.658278",NULL,NULL
"15211f59-c35a-42fe-a0f5-f4a60863c90d","Cambodia","Camboja","KH","KHM","2022-05-12 15:28:13.658278",NULL,NULL
"839d43e0-c647-4412-a2e9-da77d940eec5","Cameroon","Camarões","CM","CMR","2022-05-12 15:28:13.658278",NULL,NULL
"44c1d2bf-baaf-411d-b838-cc98db0a484e","Canada","Canadá","CA","CAN","2022-05-12 15:28:13.658278",NULL,NULL
"c7054541-27e7-4254-99e8-b2e75639e358","Cayman Islands","Ilhas Cayman","KY","CYM","2022-05-12 15:28:13.658278",NULL,NULL
"abe7913c-ddcc-4d11-8a6b-15224f0d915e","Central African Republic","República Centro-Africana","CF","CAF","2022-05-12 15:28:13.658278",NULL,NULL
"abf3e536-6154-4165-acfa-2250829d6c9c","Chad","Chade","TD","TCD","2022-05-12 15:28:13.658278",NULL,NULL
"113d5c2e-942e-487c-995c-1e3d569671aa","Chile","Chile","CL","CHL","2022-05-12 15:28:13.658278",NULL,NULL
"721c7149-1477-4f00-940b-81b922a81c15","China","China","CN","CHN","2022-05-12 15:28:13.658278",NULL,NULL
"75258b58-17e0-44cb-ac44-77adcb5d97f7","Christmas Island","Ilha do Natal","CX","CXR","2022-05-12 15:28:13.658278",NULL,NULL
"4e76bfba-d4c1-46fb-b78f-2765329259bd","Cocos (Keeling) Islands","Ilhas Cocos (Keeling)","CC","CCK","2022-05-12 15:28:13.658278",NULL,NULL
"e57bca71-4794-47a1-a0e1-9ac0037f8b4f","Colombia","Colômbia","CO","COL","2022-05-12 15:28:13.658278",NULL,NULL
"e4f791be-ec5c-4fce-8f75-ed2fe6a19744","Comoros","Comores","KM","COM","2022-05-12 15:28:13.658278",NULL,NULL
"ed7a6e2c-7c72-4536-b2ae-2db4a4a4da66","Congo (the Democratic Republic of the);","Congo (República Democrática do);","CD","COD","2022-05-12 15:28:13.658278",NULL,NULL
"6b742337-f8c2-493f-b2b1-2f33f689ef9b","Congo","Congo","CG","COG","2022-05-12 15:28:13.658278",NULL,NULL
"adb0407c-2762-472c-88ae-ec9dcce7a080","Cook Islands","Ilhas Cook","CK","COK","2022-05-12 15:28:13.658278",NULL,NULL
"3c210694-7fa4-423e-b205-eeaf374893a3","Costa Rica","Costa Rica","CR","CRI","2022-05-12 15:28:13.658278",NULL,NULL
"67da39f1-a0e6-4c38-af0d-d92d5d8c3bb0","Croatia","Croácia","HR","HRV","2022-05-12 15:28:13.658278",NULL,NULL
"fe33813b-ee40-4fe8-bb5d-9a03c58c1e78","Cuba","Cuba","CU","CUB","2022-05-12 15:28:13.658278",NULL,NULL
"d8e155c1-836f-4e8a-a7ea-8b1d12437498","Curaçao","Curaçao","CW","CUW","2022-05-12 15:28:13.658278",NULL,NULL
"ad4d0895-0b53-4a24-8d8f-d1b91de3ce5e","Cyprus","Chipre","CY","CYP","2022-05-12 15:28:13.658278",NULL,NULL
"0068a2e6-d422-411d-9dd6-07de30659186","Czechia","Tcheca","CZ","CZE","2022-05-12 15:28:13.658278",NULL,NULL
"e0debb67-afb7-4dee-a686-b81c6e2264e1","Côte d'Ivoire","Costa do Marfim","CI","CIV","2022-05-12 15:28:13.658278",NULL,NULL
"e4fdcd5c-d0a1-4857-9189-c898d15996b1","Denmark","Dinamarca","DK","DNK","2022-05-12 15:28:13.658278",NULL,NULL
"0b74a3a9-c3dc-4ad0-b093-f09064e83294","Djibouti","Djibuti","DJ","DJI","2022-05-12 15:28:13.658278",NULL,NULL
"0d1461a9-af8f-4bb7-a4b2-1fe60c775f6a","Dominica","Dominica","DM","DMA","2022-05-12 15:28:13.658278",NULL,NULL
"18c29a98-9118-444d-bccc-2490119f9101","Dominican Republic","República Dominicana","DO","DOM","2022-05-12 15:28:13.658278",NULL,NULL
"4a6621fd-760d-4b3a-881f-f8f7d8e34b3f","Ecuador","Equador","EC","ECU","2022-05-12 15:28:13.658278",NULL,NULL
"6cb6028b-7379-4b27-94c0-b6db808179c8","Egypt","Egito","EG","EGY","2022-05-12 15:28:13.658278",NULL,NULL
"b0e54655-dc35-4322-bf36-5ddf6f051258","El Salvador","El Salvador","SV","SLV","2022-05-12 15:28:13.658278",NULL,NULL
"25263a4c-a08a-4839-9169-af3e447160c0","Equatorial Guinea","Guiné Equatorial","GQ","GNQ","2022-05-12 15:28:13.658278",NULL,NULL
"ee6b6946-df85-4c07-bc74-642740801d36","Eritrea","Eritreia","ER","ERI","2022-05-12 15:28:13.658278",NULL,NULL
"54779fb5-19c5-452c-ba2b-e9d5a4333e92","Estonia","Estônia","EE","EST","2022-05-12 15:28:13.658278",NULL,NULL
"61261c5f-647a-4892-8485-a0976b1d395e","Eswatini","Eswatini","SZ","SWZ","2022-05-12 15:28:13.658278",NULL,NULL
"6930f5d2-355c-4095-b590-1390b24c45a8","Ethiopia","Etiópia","ET","ETH","2022-05-12 15:28:13.658278",NULL,NULL
"a2cffe5b-ca2d-458e-9b4b-156e1bda4cad","Falkland Islands [Malvinas];","Ilhas Malvinas [Malvinas];","FK","FLK","2022-05-12 15:28:13.658278",NULL,NULL
"fee5468b-e5f9-45da-b2e8-55aafb456d63","Faroe Islands","Ilhas Faroe","FO","FRO","2022-05-12 15:28:13.658278",NULL,NULL
"af3200af-b906-4759-b918-085fd87b162c","Fiji","Fiji","FJ","FJI","2022-05-12 15:28:13.658278",NULL,NULL
"8c1cdaf9-a2bb-40ae-9780-653319eb6c5a","Finland","Finlândia","FI","FIN","2022-05-12 15:28:13.658278",NULL,NULL
"6a90297a-d52a-4a26-9b5b-5422fc9fe2b4","France","França","FR","FRA","2022-05-12 15:28:13.658278",NULL,NULL
"7177405f-e11e-47d9-b9ef-264f92eaf961","French Guiana","Guiana Francesa","GF","GUF","2022-05-12 15:28:13.658278",NULL,NULL
"658edb22-0059-4f08-8ddf-d1197ba072bc","French Polynesia","Polinésia Francesa","PF","PYF","2022-05-12 15:28:13.658278",NULL,NULL
"d32ddac0-1a45-42fe-b9d2-e52df019bfdd","French Southern Territories","Territórios do Sul da França","TF","ATF","2022-05-12 15:28:13.658278",NULL,NULL
"9937c320-a3f8-4976-affe-ad4e9bf84965","Gabon","Gabão","GA","GAB","2022-05-12 15:28:13.658278",NULL,NULL
"5d81fb0e-3fcb-4ceb-931b-e7ef26bfbeb6","Gambia","Gâmbia","GM","GMB","2022-05-12 15:28:13.658278",NULL,NULL
"86c30a4c-1af9-4aac-98c5-6bdb2de8c1c7","Georgia","Geórgia","GE","GEO","2022-05-12 15:28:13.658278",NULL,NULL
"d789c663-2dc1-429a-b40d-2813c6366939","Germany","Alemanha","DE","DEU","2022-05-12 15:28:13.658278",NULL,NULL
"fab1477c-d231-4b75-b840-f6f717ec653e","Ghana","Gana","GH","GHA","2022-05-12 15:28:13.658278",NULL,NULL
"cfdeeeb7-ca38-4af3-a02d-8b70308c6412","Gibraltar","Gibraltar","GI","GIB","2022-05-12 15:28:13.658278",NULL,NULL
"6bc06268-20ce-46a9-8310-9754570d22a6","Greece","Grécia","GR","GRC","2022-05-12 15:28:13.658278",NULL,NULL
"8946dc91-cae9-4b52-b46f-e7b00a953fd8","Greenland","Gronelândia","GL","GRL","2022-05-12 15:28:13.658278",NULL,NULL
"c7da83bf-fedb-48bf-bb7b-7ae0c3a279e6","Grenada","Granada","GD","GRD","2022-05-12 15:28:13.658278",NULL,NULL
"1d3f5d75-952b-4a84-b1bb-e189312d1098","Guadeloupe","Guadalupe","GP","GLP","2022-05-12 15:28:13.658278",NULL,NULL
"e0104751-2712-4cd1-9e72-28629b6ecc99","Guam","Guam","GU","GUM","2022-05-12 15:28:13.658278",NULL,NULL
"f8b5f6db-3439-4c20-83f8-b2b2e7c79bfd","Guatemala","Guatemala","GT","GTM","2022-05-12 15:28:13.658278",NULL,NULL
"27d6b44b-7529-44b9-9091-4aa0d92d41cb","Guernsey","Guernsey","GG","GGY","2022-05-12 15:28:13.658278",NULL,NULL
"e363bc85-2d5b-4a7a-a111-5bc4a78bf476","Guinea","Guiné","GN","GIN","2022-05-12 15:28:13.658278",NULL,NULL
"e6d2bd1a-e875-4126-b2fa-db481990929a","Guinea-Bissau","Guiné-Bissau","GW","GNB","2022-05-12 15:28:13.658278",NULL,NULL
"d74059fa-3242-4405-a8da-0283ee51d7bf","Guyana","Guiana","GY","GUY","2022-05-12 15:28:13.658278",NULL,NULL
"3c8ee0da-c8f5-4752-933c-bab66e1b6db3","Haiti","Haiti","HT","HTI","2022-05-12 15:28:13.658278",NULL,NULL
"77303a56-1663-4812-a6e9-978d147c1540","Heard Island and McDonald Islands","Ilha Heard e Ilhas McDonald","HM","HMD","2022-05-12 15:28:13.658278",NULL,NULL
"fecb4b21-7970-40b9-b163-9409d083a894","Holy See","Santa Sé","VA","VAT","2022-05-12 15:28:13.658278",NULL,NULL
"c1dbbffb-d5f7-4683-943f-440152098b18","Honduras","Honduras","HN","HND","2022-05-12 15:28:13.658278",NULL,NULL
"b8385097-5189-43c9-a2f1-af96e850c420","Hong Kong","Hong Kong","HK","HKG","2022-05-12 15:28:13.658278",NULL,NULL
"42dff319-6733-4086-869c-701fe256b096","Hungary","Hungria","HU","HUN","2022-05-12 15:28:13.658278",NULL,NULL
"eb5d492c-be62-4128-abc7-6f265b8c4ff5","Iceland","Islândia","IS","ISL","2022-05-12 15:28:13.658278",NULL,NULL
"41b281d6-2c46-495c-be8c-e13ffa583757","India","Índia","IN","IND","2022-05-12 15:28:13.658278",NULL,NULL
"c1c60970-abba-4180-aadf-b56126b00686","Indonesia","Indonésia","ID","IDN","2022-05-12 15:28:13.658278",NULL,NULL
"31f56ff8-a360-49a0-9880-7974437f2562","Iran (Islamic Republic of);","Irã (Republic Islâmica do Irã);","IR","IRN","2022-05-12 15:28:13.658278",NULL,NULL
"f3adaa2e-14ec-4a76-a5a0-77c1140fabbb","Iraq","Iraque","IQ","IRQ","2022-05-12 15:28:13.658278",NULL,NULL
"913a8d2c-6cfc-4bd4-a036-d1115cc2815f","Ireland","Irlanda","IE","IRL","2022-05-12 15:28:13.658278",NULL,NULL
"ecf53819-a78b-4365-93ef-1cf3542e301e","Isle of Man","Ilha de Man","IM","IMN","2022-05-12 15:28:13.658278",NULL,NULL
"15773068-5451-4ad2-ae86-c5affb4289d0","Israel","Israel","IL","ISR","2022-05-12 15:28:13.658278",NULL,NULL
"b0948da5-1bdd-453e-abcb-0f9ed5fb4871","Italy","Itália","IT","ITA","2022-05-12 15:28:13.658278",NULL,NULL
"2c87e66e-37c0-4283-9035-c3cda874c1b4","Jamaica","Jamaica","JM","JAM","2022-05-12 15:28:13.658278",NULL,NULL
"4380e5a5-a80e-4f03-9d86-5bdf17822ec0","Japan","Japão","JP","JPN","2022-05-12 15:28:13.658278",NULL,NULL
"9f32ba5a-86fe-4ee4-a243-a6702d68646d","Jersey","Jersey","JE","JEY","2022-05-12 15:28:13.658278",NULL,NULL
"eca37d80-64ca-48d2-848e-6d3e413cb93c","Jordan","Jordânia","JO","JOR","2022-05-12 15:28:13.658278",NULL,NULL
"51c48878-1137-4f25-80c5-1534a9bbaf4e","Kazakhstan","Cazaquistão","KZ","KAZ","2022-05-12 15:28:13.658278",NULL,NULL
"0df8ba2c-d062-4787-b5da-dc178ccc7d8b","Kenya","Quênia","KE","KEN","2022-05-12 15:28:13.658278",NULL,NULL
"96aac0fb-062e-4190-8ab9-7fdfdabb363f","Kiribati","Kiribati","KI","KIR","2022-05-12 15:28:13.658278",NULL,NULL
"f0b5c28c-1a81-4c89-8a76-9119d133aff2","Korea (the Democratic People's Republic of);","Coreia (República Popular Democrática da);","KP","PRK","2022-05-12 15:28:13.658278",NULL,NULL
"59bdbed7-bb64-4ac2-9445-ca91ec5d8652","Korea (the Republic of);","Coreia (a República da);","KR","KOR","2022-05-12 15:28:13.658278",NULL,NULL
"259ae8c4-11fa-442c-84e7-44340d4b3edc","Kuwait","Kuwait","KW","KWT","2022-05-12 15:28:13.658278",NULL,NULL
"b8147d58-7b21-4e1a-886c-d24833d7209e","Kyrgyzstan","Quirguistão","KG","KGZ","2022-05-12 15:28:13.658278",NULL,NULL
"f83d9f25-d59a-46f6-90b8-b20c4a5d765a","Lao People's Democratic Republic","República Democrática Popular do Laos","LA","LAO","2022-05-12 15:28:13.658278",NULL,NULL
"b4baf9b3-42ad-4b00-b371-267b3de7e240","Latvia","Letônia","LV","LVA","2022-05-12 15:28:13.658278",NULL,NULL
"fde815d2-ea3c-40ae-8a27-7531597f32ec","Lebanon","Líbano","LB","LBN","2022-05-12 15:28:13.658278",NULL,NULL
"19a6f4ca-f95c-47e3-9df3-16d724c43036","Lesotho","Lesoto","LS","LSO","2022-05-12 15:28:13.658278",NULL,NULL
"92737702-79b0-427f-a5d6-b9b256b84fc8","Liberia","Libéria","LR","LBR","2022-05-12 15:28:13.658278",NULL,NULL
"fdc88252-a43d-4af2-8ff1-f6d52e710a11","Libya","Líbia","LY","LBY","2022-05-12 15:28:13.658278",NULL,NULL
"c1d7baf5-8d23-4eb2-a162-da18c655b533","Liechtenstein","Liechtenstein","LI","LIE","2022-05-12 15:28:13.658278",NULL,NULL
"d00dfecc-8fc5-4a79-9792-2836c23a7c5a","Lithuania","Lituânia","LT","LTU","2022-05-12 15:28:13.658278",NULL,NULL
"be23b27b-1736-4245-97fd-093f9fd8525a","Luxembourg","Luxemburgo","LU","LUX","2022-05-12 15:28:13.658278",NULL,NULL
"18228c9e-348c-48cf-a0ca-887087b4c101","Macao","Macau","MO","MAC","2022-05-12 15:28:13.658278",NULL,NULL
"efa67d71-7849-4806-8827-f21b809d20dd","Madagascar","Madagáscar","MG","MDG","2022-05-12 15:28:13.658278",NULL,NULL
"fca35302-b6ae-477b-8607-e15cb15791bd","Malawi","Malawi","MW","MWI","2022-05-12 15:28:13.658278",NULL,NULL
"e24fd819-4b2f-4015-87d5-ee5b4a9ddf78","Malaysia","Malásia","MY","MYS","2022-05-12 15:28:13.658278",NULL,NULL
"24aa95cb-3f47-47f9-b3b4-9ff4e0de140c","Maldives","Maldivas","MV","MDV","2022-05-12 15:28:13.658278",NULL,NULL
"106b065a-5445-4f37-9429-e1b65b8b38ab","Mali","Mali","ML","MLI","2022-05-12 15:28:13.658278",NULL,NULL
"2256d66f-7b8e-4c56-a243-f6e2575eaa38","Malta","Malta","MT","MLT","2022-05-12 15:28:13.658278",NULL,NULL
"94ddf1db-8a6f-4384-8761-d4afc3df36d3","Marshall Islands","Ilhas Marshall","MH","MHL","2022-05-12 15:28:13.658278",NULL,NULL
"c41f41f8-14b7-4a3b-801f-cdbfba7d5b27","Martinique","Martinica","MQ","MTQ","2022-05-12 15:28:13.658278",NULL,NULL
"1fad17f7-35e6-4438-af42-cca8e8f1b08d","Mauritania","Mauritânia","MR","MRT","2022-05-12 15:28:13.658278",NULL,NULL
"44489acc-c3a0-4c15-9db8-bf924b023275","Mauritius","Maurício","MU","MUS","2022-05-12 15:28:13.658278",NULL,NULL
"3729dbc7-7319-4fe5-8a43-ba20ec5aea14","Mayotte","Maiote","YT","MYT","2022-05-12 15:28:13.658278",NULL,NULL
"efeab58f-f9c8-43fd-84ac-0d9369a0e32a","Mexico","México","MX","MEX","2022-05-12 15:28:13.658278",NULL,NULL
"e173d604-34a2-40d2-a384-3fd46d4ee528","Micronesia (Federated States of);","Micronésia (Estados Federados de);","FM","FSM","2022-05-12 15:28:13.658278",NULL,NULL
"c441ceca-5526-4fa3-b882-1e8dc5ef0060","Moldova (the Republic of);","Moldávia (República da);","MD","MDA","2022-05-12 15:28:13.658278",NULL,NULL
"55dab08c-9bf5-4ac4-8569-d37b65227e62","Monaco","Mônaco","MC","MCO","2022-05-12 15:28:13.658278",NULL,NULL
"5b4e741d-8976-41cc-86dd-f5099cb79a6c","Mongolia","Mongólia","MN","MNG","2022-05-12 15:28:13.658278",NULL,NULL
"acf2953c-c556-4fd7-aa15-d4fce7b6b6aa","Montenegro","Montenegro","ME","MNE","2022-05-12 15:28:13.658278",NULL,NULL
"2909cf26-cd77-4ffd-86ec-9938c9c27bb3","Montserrat","Montserrate","MS","MSR","2022-05-12 15:28:13.658278",NULL,NULL
"71e450eb-2b32-4db6-b66e-1a1f93413eaa","Morocco","Marrocos","MA","MAR","2022-05-12 15:28:13.658278",NULL,NULL
"f08a4735-78fa-4c12-851d-a9dcf686a1dc","Mozambique","Moçambique","MZ","MOZ","2022-05-12 15:28:13.658278",NULL,NULL
"5defea06-1e23-49e5-8dcb-65574657afae","Myanmar","Mianmar","MM","MMR","2022-05-12 15:28:13.658278",NULL,NULL
"b866da84-aff0-4e63-85ad-5f34fd3a10d1","Namibia","Namíbia","NA","NAM","2022-05-12 15:28:13.658278",NULL,NULL
"89649298-0dd9-47da-9161-fb5febe9ec11","Nauru","Nauru","NR","NRU","2022-05-12 15:28:13.658278",NULL,NULL
"e4ea5cdf-4e6f-4a2d-abc3-410406df4fc6","Nepal","Nepal","NP","NPL","2022-05-12 15:28:13.658278",NULL,NULL
"0c29b266-b7c0-4b2e-b35b-42521549d48d","Netherlands","Holanda","NL","NLD","2022-05-12 15:28:13.658278",NULL,NULL
"ee001c87-8ab9-4b47-a23f-65e0bb67925a","New Caledonia","Nova Caledônia","NC","NCL","2022-05-12 15:28:13.658278",NULL,NULL
"1d76b029-f16c-4d03-9384-4902bc91590a","New Zealand","Nova Zelândia","NZ","NZL","2022-05-12 15:28:13.658278",NULL,NULL
"e9a2e455-3988-4a35-a5f6-b94be6317317","Nicaragua","Nicarágua","NI","NIC","2022-05-12 15:28:13.658278",NULL,NULL
"1025ec32-44cd-47ed-a4ba-bc9c67c73a09","Niger","Níger","NE","NER","2022-05-12 15:28:13.658278",NULL,NULL
"2bd2e979-4059-4680-960f-a2a207732ff2","Nigeria","Nigéria","NG","NGA","2022-05-12 15:28:13.658278",NULL,NULL
"179695b7-5b14-4a85-86bb-648bf9ca71f0","Niue","Niu","NU","NIU","2022-05-12 15:28:13.658278",NULL,NULL
"c428048c-6da4-4e81-9c15-9e072967f8e2","Norfolk Island","Ilha Norfolk","NF","NFK","2022-05-12 15:28:13.658278",NULL,NULL
"454d552c-a1ba-4212-a154-651dcf874733","Northern Mariana Islands","Ilhas Marianas do Norte","MP","MNP","2022-05-12 15:28:13.658278",NULL,NULL
"2e8a6088-b01e-4f41-acda-a67d2ada6a10","Norway","Noruega","NO","NOR","2022-05-12 15:28:13.658278",NULL,NULL
"fddad46d-8a50-4011-8237-49f4b8dff398","Oman","Omã","OM","OMN","2022-05-12 15:28:13.658278",NULL,NULL
"29eca147-3565-4e8d-8310-d294ccf786c9","Pakistan","Paquistão","PK","PAK","2022-05-12 15:28:13.658278",NULL,NULL
"1b59cf59-b22c-453e-a152-11810b56e2c9","Palau","Palaú","PW","PLW","2022-05-12 15:28:13.658278",NULL,NULL
"81641ee5-1534-4ade-9e33-62b2dcad8731","Palestine,  State of","Palestina, Estado de","PS","PSE","2022-05-12 15:28:13.658278",NULL,NULL
"fea52d09-9fb2-4978-9698-ba5a91cab0de","Panama","Panamá","PA","PAN","2022-05-12 15:28:13.658278",NULL,NULL
"845a7951-dd6a-45f3-b354-b3a1a6b682da","Papua New Guinea","Papua Nova Guiné","PG","PNG","2022-05-12 15:28:13.658278",NULL,NULL
"f0e6033b-4d92-4b01-b9b2-06e403f53d44","Paraguay","Paraguai","PY","PRY","2022-05-12 15:28:13.658278",NULL,NULL
"49d15f49-7925-442a-81bf-96adc55c251f","Peru","Peru","PE","PER","2022-05-12 15:28:13.658278",NULL,NULL
"3187a458-74a3-4642-b300-b06d0ad22d6f","Philippines","Filipinas","PH","PHL","2022-05-12 15:28:13.658278",NULL,NULL
"a4d7feaa-3a90-4adc-b4d4-400a0df3ae99","Pitcairn","Pitcair","PN","PCN","2022-05-12 15:28:13.658278",NULL,NULL
"ed5e252e-f375-46c6-bec3-80d19127bb5d","Poland","Polônia","PL","POL","2022-05-12 15:28:13.658278",NULL,NULL
"fbeac420-ff38-4e60-b03e-364ecebf359d","Portugal","Portugal","PT","PRT","2022-05-12 15:28:13.658278",NULL,NULL
"e359b91a-29af-4c19-aa3c-46f04861064e","Puerto Rico","Porto Rico","PR","PRI","2022-05-12 15:28:13.658278",NULL,NULL
"09692c23-e0a5-46ed-bd2a-214f806203b0","Qatar","Catar","QA","QAT","2022-05-12 15:28:13.658278",NULL,NULL
"deb5d47a-375b-4c14-8354-1a29dbd673f2","Republic of North Macedonia","República da Macedônia do Norte","MK","MKD","2022-05-12 15:28:13.658278",NULL,NULL
"24364124-b4ec-481f-8fb2-d6f244b42746","Romania","Romênia","RO","ROU","2022-05-12 15:28:13.658278",NULL,NULL
"37fc7ce3-c35d-428f-9862-be76d02719a2","Russian Federation","Federação Russa","RU","RUS","2022-05-12 15:28:13.658278",NULL,NULL
"640623c6-b12d-4191-aa99-1cdad773b753","Rwanda","Ruanda","RW","RWA","2022-05-12 15:28:13.658278",NULL,NULL
"7aa7f550-14d8-4418-ac48-ce1d0bcaa8b3","Réunion","Reunião","RE","REU","2022-05-12 15:28:13.658278",NULL,NULL
"94a84be1-c2e2-4f55-8686-ce17fb640958","Saint Barthélemy","São Bartolomeu","BL","BLM","2022-05-12 15:28:13.658278",NULL,NULL
"d4590958-025e-49b4-9172-6b4661cafb5e","Saint Helena, Ascension and Tristan da Cunha","Santa Helena, Ascensão e Tristão da Cunha","SH","SHN","2022-05-12 15:28:13.658278",NULL,NULL
"83070755-7834-4cef-ab36-fe19a0f54d8f","Saint Kitts and Nevis","São Cristóvão e Nevis","KN","KNA","2022-05-12 15:28:13.658278",NULL,NULL
"a3f340d8-d384-4811-b854-8137adec4da2","Saint Lucia","Santa Lúcia","LC","LCA","2022-05-12 15:28:13.658278",NULL,NULL
"122adbfb-8e34-4217-853f-c95e75c60c80","Saint Martin (French part);","São Martinho (parte francesa);","MF","MAF","2022-05-12 15:28:13.658278",NULL,NULL
"257babd2-c59c-4c79-9a94-06feb54095b6","Saint Pierre and Miquelon","São Pedro e Miquelon","PM","SPM","2022-05-12 15:28:13.658278",NULL,NULL
"b921fe44-8743-4935-afd4-b0de9f71034d","Saint Vincent and the Grenadines","São Vicente e Granadinas","VC","VCT","2022-05-12 15:28:13.658278",NULL,NULL
"ad29d947-b69c-42cd-be69-ac28c8c6427b","Samoa","Samoa","WS","WSM","2022-05-12 15:28:13.658278",NULL,NULL
"61d82310-a3df-4b7b-90b9-369cfc01ef5c","San Marino","São Marinho","SM","SMR","2022-05-12 15:28:13.658278",NULL,NULL
"f2139fd6-9a45-4781-942c-2fd28df098a5","Sao Tome and Principe","São Tomé e Príncipe","ST","STP","2022-05-12 15:28:13.658278",NULL,NULL
"765b2359-da2d-4687-9b45-68fac4f786f9","Saudi Arabia","Arábia Saudita","SA","SAU","2022-05-12 15:28:13.658278",NULL,NULL
"0231c6c0-dd89-4ef8-a61d-1d947681b3a4","Senegal","Senegal","SN","SEN","2022-05-12 15:28:13.658278",NULL,NULL
"b57a4979-16fc-4c9d-bcd6-32ece417d576","Serbia","Sérvia","RS","SRB","2022-05-12 15:28:13.658278",NULL,NULL
"c7f4e1da-986b-4b9a-b528-d4e9fdc9674d","Seychelles","Seychelles","SC","SYC","2022-05-12 15:28:13.658278",NULL,NULL
"f5ee4c88-1f11-4be2-bb1d-918499190658","Sierra Leone","Serra Leoa","SL","SLE","2022-05-12 15:28:13.658278",NULL,NULL
"fe9dd820-6793-406d-89c4-0dadb64e2cdd","Singapore","Cingapura","SG","SGP","2022-05-12 15:28:13.658278",NULL,NULL
"259129d3-c122-4bec-a37a-8991ad5a4feb","Sint Maarten (Dutch part);","Sint Maarten (parte holandesa);","SX","SXM","2022-05-12 15:28:13.658278",NULL,NULL
"b3757624-9c0b-49b7-88dd-be32d0aacc37","Slovakia","Eslováquia","SK","SVK","2022-05-12 15:28:13.658278",NULL,NULL
"39fdac2b-e179-4909-8861-9ea29022a0b6","Slovenia","Eslovénia","SI","SVN","2022-05-12 15:28:13.658278",NULL,NULL
"c0aadb03-5fee-4302-b68c-1e4639f8ac05","Solomon Islands","Ilhas Salomão","SB","SLB","2022-05-12 15:28:13.658278",NULL,NULL
"93154e4f-792d-42e2-bab3-8ed799106818","Somalia","Somália","SO","SOM","2022-05-12 15:28:13.658278",NULL,NULL
"b501b123-c036-4f16-bb80-d1fb2e50dcb1","South Africa","África do Sul","ZA","ZAF","2022-05-12 15:28:13.658278",NULL,NULL
"513fdcef-882c-4170-b1e9-61090ff97545","South Georgia and the South Sandwich Islands","Geórgia do Sul e Ilhas Sandwich do Sul","GS","SGS","2022-05-12 15:28:13.658278",NULL,NULL
"ddee7c49-df77-4eaf-a628-e23e46c183e2","South Sudan","Sudão do Sul","SS","SSD","2022-05-12 15:28:13.658278",NULL,NULL
"deb1739c-5aca-45cd-ac4a-69d822f4509b","Spain","Espanha","ES","ESP","2022-05-12 15:28:13.658278",NULL,NULL
"a1c403cd-4009-4a9b-9b25-da6287f6e4cf","Sri Lanka","Sri Lanka","LK","LKA","2022-05-12 15:28:13.658278",NULL,NULL
"1fe17723-8c30-4abb-8af3-060bc20c43ce","Sudan","Sudão","SD","SDN","2022-05-12 15:28:13.658278",NULL,NULL
"42aafb07-15a6-4779-86eb-03b26deca764","Suriname","Suriname","SR","SUR","2022-05-12 15:28:13.658278",NULL,NULL
"5f3e0d18-4903-46e7-8198-3926ba20d051","Svalbard and Jan Mayen","Svalbard e Jan Mayen","SJ","SJM","2022-05-12 15:28:13.658278",NULL,NULL
"fd24261d-1869-4a1c-b72b-7ae6b5fc1583","Sweden","Suécia","SE","SWE","2022-05-12 15:28:13.658278",NULL,NULL
"17d5e129-6733-4d8d-88f3-c7fbc3a97886","Switzerland","Suíça","CH","CHE","2022-05-12 15:28:13.658278",NULL,NULL
"71e8ff5f-6c12-465f-a01f-18e605ddc10c","Syrian Arab Republic","República Árabe da Síria","SY","SYR","2022-05-12 15:28:13.658278",NULL,NULL
"ff7ee6a4-ee5e-416e-8644-3b2ee793c69a","Taiwan (Province of China);","Taiwan, província da China);","TW","TWN","2022-05-12 15:28:13.658278",NULL,NULL
"35f4a7b2-1642-4729-820c-dec855b0d962","Tajikistan","Tajiquistão","TJ","TJK","2022-05-12 15:28:13.658278",NULL,NULL
"5d1fc806-a3fb-40bc-ba93-78c184e94495","Tanzania, United Republic of","Tanzânia, República Unida da","TZ","TZA","2022-05-12 15:28:13.658278",NULL,NULL
"52bae9ab-91f4-400e-9baa-c914552f8cd8","Thailand","Tailândia","TH","THA","2022-05-12 15:28:13.658278",NULL,NULL
"ec98aecd-de8f-4dc8-b24f-55c5c3f3831f","Timor-Leste","Timor-Leste","TL","TLS","2022-05-12 15:28:13.658278",NULL,NULL
"7a5bab4d-2ae6-446b-b590-f98990195020","Togo","Ir","TG","TGO","2022-05-12 15:28:13.658278",NULL,NULL
"7755d06a-257b-471b-887e-3ca22e19e96f","Tokelau","Toquela","TK","TKL","2022-05-12 15:28:13.658278",NULL,NULL
"642581c7-382d-4837-8e59-c8ca975a5a46","Tonga","Tonga","TO","TON","2022-05-12 15:28:13.658278",NULL,NULL
"9bbb85c5-2be2-4cfa-a2dd-c42dafd8ae4b","Trinidad and Tobago","Trinidad e Tobago","TT","TTO","2022-05-12 15:28:13.658278",NULL,NULL
"4739aca5-b593-47e7-be89-e0372fb01367","Tunisia","Tunísia","TN","TUN","2022-05-12 15:28:13.658278",NULL,NULL
"e96cc4b9-a09e-49ef-9490-67f135326af3","Turkey","Turco","TR","TUR","2022-05-12 15:28:13.658278",NULL,NULL
"4f433882-4c58-4e05-bd15-f235684a074b","Turkmenistan","Turquemenistão","TM","TKM","2022-05-12 15:28:13.658278",NULL,NULL
"608a67fe-7e4c-4271-86b5-3d0b21c787ee","Turks and Caicos Islands","Ilhas Turcas e Caicos","TC","TCA","2022-05-12 15:28:13.658278",NULL,NULL
"546a002d-e3a9-4892-8155-d29669109551","Tuvalu","Tuval","TV","TUV","2022-05-12 15:28:13.658278",NULL,NULL
"41dc2771-9195-4c62-aa15-9b2cfc2daef6","Uganda","Uganda","UG","UGA","2022-05-12 15:28:13.658278",NULL,NULL
"731d7da5-575e-4621-a923-11dc278dd74b","Ukraine","Ucrânia","UA","UKR","2022-05-12 15:28:13.658278",NULL,NULL
"6ddf7893-0a98-4caf-ac52-24dc75fd18b8","United Arab Emirates","Emirados Árabes Unidos","AE","ARE","2022-05-12 15:28:13.658278",NULL,NULL
"b30054df-1749-4fd3-a34b-10cbdf6b08ba","United Kingdom of Great Britain and Northern Ireland","Reino Unido da Grã-Bretanha e Irlanda do Norte","GB","GBR","2022-05-12 15:28:13.658278",NULL,NULL
"7b50034d-224a-49e1-aeda-ee48b26a3dd0","United States Minor Outlying Islands","Ilhas Menores Distantes dos Estados Unidos","UM","UMI","2022-05-12 15:28:13.658278",NULL,NULL
"cda4d11b-6c3b-474b-93e5-f5f0ba164d52","United States of America","Estados Unidos da América","US","USA","2022-05-12 15:28:13.658278",NULL,NULL
"6eafac0c-8683-420b-8821-cf1f3996bc89","Uruguay","Uruguai","UY","URY","2022-05-12 15:28:13.658278",NULL,NULL
"1bb67fd5-3550-4cad-86b8-3c389732e3c0","Uzbekistan","Uzbequistão","UZ","UZB","2022-05-12 15:28:13.658278",NULL,NULL
"a9fee655-5afb-4493-ba61-19606f2f9e1a","Vanuatu","Vanuatu","VU","VUT","2022-05-12 15:28:13.658278",NULL,NULL
"3f7d1024-564c-4eae-b8ab-b0f29d81614f","Venezuela (Bolivarian Republic of);","Venezuela (República Bolivariana da);","VE","VEN","2022-05-12 15:28:13.658278",NULL,NULL
"369e5337-a9bf-4137-8e18-0073e12f6776","Viet Nam","Viet Nam","VN","VNM","2022-05-12 15:28:13.658278",NULL,NULL
"35780d54-a6df-477c-80de-03e2f30afad1","Virgin Islands (British);","Ilhas Virgens (britânicas);","VG","VGB","2022-05-12 15:28:13.658278",NULL,NULL
"b9e4c88e-242e-45b8-91ad-f65741699722","Virgin Islands (U.S.);","Ilhas Virgens (EUA);","VI","VIR","2022-05-12 15:28:13.658278",NULL,NULL
"6c4cdf1d-a590-4fd5-9225-f36c1105ecf6","Wallis and Futuna","Wallis e Futuna","WF","WLF","2022-05-12 15:28:13.658278",NULL,NULL
"2cff9d08-f0d5-4735-8c57-0280221119cf","Western Sahara","Saara Ocidental","EH","ESH","2022-05-12 15:28:13.658278",NULL,NULL
"ef16ec4f-597c-4582-9f85-c05c4fca1ed3","Yemen","Iémen","YE","YEM","2022-05-12 15:28:13.658278",NULL,NULL
"a110a7c8-d747-4d68-baf4-ea4b2ef62804","Zambia","Zâmbia","ZM","ZMB","2022-05-12 15:28:13.658278",NULL,NULL
"70b016f3-8d38-4ad8-b165-f5cfb20d9095","Zimbabwe","Zimbábue","ZW","ZWE","2022-05-12 15:28:13.658278",NULL,NULL
"7766b2c4-f68d-4326-b555-d34123ac1728","Åland Islands","Ilhas Aland","AX","ALA","2022-05-12 15:28:13.658278",NULL,NULL
